Experience_Level,Salary_USD
Entry,41814.186991869916
Mid,96605.97637795276
Senior,157450.51449275363
