Job_Title,Salary_USD
NLP Engineer,111232.1875
Data Analyst,102411.92
ML Engineer,98677.875
AI Engineer,97645.86419753087
Data Scientist,93850.84722222222
