Experience_Level,AI Engineer,Data Analyst,Data Scientist,ML Engineer,NLP Engineer
Entry,40715.555555555555,42731.333333333336,48389.791666666664,38231.07692307692,39223.181818181816
Mid,99026.39130434782,94549.77777777778,92741.71428571429,94026.80952380953,102399.17857142857
Senior,146206.06451612903,170937.41666666666,149956.9,149262.39393939395,172282.93333333332
