Company_Type,Average_Salary,Salary_StdDev,Count
Big Tech,98842.23622047243,61820.68602776709,127
Freelance,99150.5390625,58769.23601144174,128
Startup,104481.51879699249,56791.91396557039,133
