Top_Skill,Salary_USD
Python,105193.27160493827
PyTorch,104897.31343283581
NLP,102374.22857142857
SQL,99007.92857142857
TensorFlow,93368.43055555556
